,Title,Subtitle,Links
0,SMASH HELL Dad hit & killed by car was helping injured woman when he died in front of kids,Dad hit & killed by car was helping injured woman when he died in front of kids,https://www.thesun.co.uk/news/25187481/sheffield-dad-crash-christmas-walk/
1,CORRIE ON Coronation Street legend renews contract for another year amid mass cast exodus,Coronation Street legend renews contract for another year amid mass cast exodus,https://www.thesun.co.uk/tv/25187076/coronation-street-bill-roache-contract/
2,HORROR BRAWL Boxing champion Tony Dodson's son 'stabbed in the heart' in Boxing Day brawl,Boxing champion Tony Dodson's son 'stabbed in the heart' in Boxing Day brawl,https://www.thesun.co.uk/news/25184196/boxer-tony-dodson-son-stabbed-heart-boxing-day/
3,"'PURE CARNAGE' Our homes were torn apart by a 'TORNADO' - roof blew past & a pint saved me
HOUSES were left in a state of ""absolute disaster"" after a ""localised tornado"" hurtled through Stalybridge in Greater Manchester.",Our homes were torn apart by a 'TORNADO' - roof blew past & a pint saved me,https://www.thesun.co.uk/news/25182885/homes-ripped-apart-tornado-roof-blowing-past-window/
4,STORM TRAGEDY Three men killed in Storm Gerrit carnage after car plunged into icy river,Three men killed in Storm Gerrit carnage after car plunged into icy river,https://www.thesun.co.uk/news/25186924/three-dead-river-esk-glaisdale-horror-crash/
5,OH LA LA Huge Hollywood star reveals she's a secret fan of Gogglebox and Naked Attraction,Huge Hollywood star reveals she's a secret fan of Gogglebox and Naked Attraction,https://www.thesun.co.uk/tv/25183505/emma-stone-reveals-secret-fan-gogglebox-naked-attraction/
6,HELPING HAND Energy giant with 5million customers giving out automatic £150 discount NOW,Energy giant with 5million customers giving out automatic £150 discount NOW,https://www.thesun.co.uk/money/25184212/energy-giant-automatic-warm-home-discount-scottish-power/
7,COMFORT FOOD From garlic to chocolate - the 6 immune boosting foods to eat when you're ill,From garlic to chocolate - the 6 immune boosting foods to eat when you're ill,https://www.thesun.co.uk/health/25180905/immune-boosting-foods-eat-when-ill-chocolate-garlic-honey/
8,"LITTLER BY LITTLE Littler could eclipse Taylor's £8m worth and become the 'Rooney of darts'
LUKE LITTLER, 16, has reached the last-16 of the World Darts Championship, and could become darts' highest ever earner if he maintains his incredible rise.",Littler could eclipse Taylor's £8m worth and become the 'Rooney of darts',https://www.thesun.co.uk/sport/25179918/luke-littler-wayne-rooney-world-championship/
9,THE SUN SAYS Tories must come out of starting blocks fast to show they're worth voting for,Tories must come out of starting blocks fast to show they're worth voting for,https://www.thesun.co.uk/news/25177503/tories-worth-voting-for-sun-says/
10,DEAR DEIDRE I'm having secret sex with my stepbrother — I worry our parents will be livid,I'm having secret sex with my stepbrother — I worry our parents will be livid,https://www.thesun.co.uk/dear-deidre/25178616/secret-sex-relationship-stepbrother/
11,HAPPY SHOPPING John Lewis Boxing Day deals 2023: Save up to 50% off,John Lewis Boxing Day deals 2023: Save up to 50% off,https://www.thesun.co.uk/shopping/24880901/john-lewis-boxing-day-deals/
12,CASE CLOSED Best online casinos as rated by the real expert for UK players right NOW,Best online casinos as rated by the real expert for UK players right NOW,https://www.thesun.co.uk/betting/20803800/best-online-casinos-uk/
13,"BRIGHTON 4 SPURS 2 Latest as Tottenham grab two back after Pedro's second pen of the game
SPURS have taken maximum points from their last four games, while the Seagulls are without a win since the start of December.",Latest as Tottenham grab two back after Pedro's second pen of the game,https://www.thesun.co.uk/sport/25161953/brighton-vs-tottenham-live-score-premier-league/
14,TAKING THE MIK Arsenal fume after same VAR issue against West Ham that sparked Arteta fury,Arsenal fume after same VAR issue against West Ham that sparked Arteta fury,https://www.thesun.co.uk/sport/25187949/arsenal-var-west-ham-mikel-arteta-newcastle/
15,ARSENAL 0 WEST HAM 1 Soucek taps home opener after kamikaze Gunners defending,Soucek taps home opener after kamikaze Gunners defending,https://www.thesun.co.uk/sport/25155643/arsenal-vs-west-ham-live-score-premier-league/
16,"MAN UTD NEWS Sir Jim Ratcliffe gets final say on transfers, Brailsford attends Villa win","Sir Jim Ratcliffe gets final say on transfers, Brailsford attends Villa win",https://www.thesun.co.uk/sport/25157965/man-utd-takeover-news-sir-jim-ratcliffe-graham-potter/
17,YOU'RE WELCOME All the best UK casino welcome bonuses for new players revealed,All the best UK casino welcome bonuses for new players revealed,https://www.thesun.co.uk/betting/21097803/casino-welcome-bonus/
18,MID-EAST BLITZ ‘Blow Iran off the map’ US Senator demands after Israel killed top general,‘Blow Iran off the map’ US Senator demands after Israel killed top general,https://www.thesun.co.uk/news/25186482/us-senator-attack-on-iran-israel-houthis/
19,OH MAE GOD! Molly-Mae under fire from mum-shamers for flying her baby in ‘first class’,Molly-Mae under fire from mum-shamers for flying her baby in ‘first class’,https://www.thesun.co.uk/tvandshowbiz/25187168/molly-mae-mum-shamed-flying-bambi-first-class/
20,TOFF AT TOP Top jobs at 'patronising' BBC STILL packed with posh people despite complaints,Top jobs at 'patronising' BBC STILL packed with posh people despite complaints,https://www.thesun.co.uk/news/25187277/bbc-jobs-privately-educated/
21,"BEYOND EVIL Video game in which terrorists kill Israelis STILL online despite Hamas attacks
SCENES include “freedom fighters” using babies as human shields and the Israeli flag being splattered with blood.",Video game in which terrorists kill Israelis STILL online despite Hamas attacks,https://www.thesun.co.uk/news/25187425/video-game-palestinian-terrorists-hamas/
22,"PAL'S AGONY 'Unbelievably kind' boy, 15, killed in horror motorbike crash on Boxing Day","'Unbelievably kind' boy, 15, killed in horror motorbike crash on Boxing Day",https://www.thesun.co.uk/news/25187014/unbelievably-kind-boy-killed-crash-boxing-day/
23,SOCK IT TO HIM Russian rapper jailed for wearing just a SOCK to Moscow elite’s ‘nude party’,Russian rapper jailed for wearing just a SOCK to Moscow elite’s ‘nude party’,https://www.thesun.co.uk/news/25187395/russian-rapper-vacio-jailed-putin-crackdown-debauchery/
24,'GOTCHA!' Couple caught on big screen at cricket match get huge cheer from raucous crowd,Couple caught on big screen at cricket match get huge cheer from raucous crowd,https://www.thesun.co.uk/sport/25183606/cricket-australia-couple-crowd-caught-out-pakistan/
25,MONEY TIES Repay your existing mortgage by unlocking the money tied up in your home,Repay your existing mortgage by unlocking the money tied up in your home,https://www.thesun.co.uk/money/23700555/repay-your-existing-mortgage-equity-release/
26,SHAMELESS UK's 'worst benefits cheat' who swindled £750k in brazen scam is FREED from jail,UK's 'worst benefits cheat' who swindled £750k in brazen scam is FREED from jail,https://www.thesun.co.uk/news/25182525/benefits-cheat-dad-alive-dementia-released-jail/
27,"HE'S BACK! Brit movie icon, 90, to come out of retirement for secret new Netflix series","Brit movie icon, 90, to come out of retirement for secret new Netflix series",https://www.thesun.co.uk/tv/25187473/michael-caine-out-of-retirement-netflix/
28,PRICE CUT Desperate panto bosses slash ticket prices after Katie Price is slammed,Desperate panto bosses slash ticket prices after Katie Price is slammed,https://www.thesun.co.uk/tvandshowbiz/25188143/panto-slash-ticket-prices-katie-price-performance/
29,"INFER-NO Fire engines rush to Blackpool Tower ‘blaze’ - but it's really orange netting
FIRE services said they were attending an inferno in the Promenade and told visitors to ""stay away"" from the 520ft iconic tourist attraction.",Fire engines rush to Blackpool Tower ‘blaze’ - but it's really orange netting,https://www.thesun.co.uk/news/25184689/blackpool-tower-blaze-engulfs-tourist-attraction/
30,WEB STAR DEAD YouTube star with 2million subscribers found dead while facing paedo probe,YouTube star with 2million subscribers found dead while facing paedo probe,https://www.thesun.co.uk/news/25186388/youtuber-pc-siqueira-found-dead/
31,ON THE BALL Ex-footballer tipped to join Dragon’s Den as judge says 'he's fantastic',Ex-footballer tipped to join Dragon’s Den as judge says 'he's fantastic',https://www.thesun.co.uk/sport/25187029/gary-neville-join-dragons-den/
32,'FLOP' FOLLOW UP Disney+ set to bring back show for 2nd series despite critics blasting it,Disney+ set to bring back show for 2nd series despite critics blasting it,https://www.thesun.co.uk/tv/25187216/the-full-monty-disney-second-series/
33,CUT FUTURE CARE COSTS Safeguarding your home from future care costs,Safeguarding your home from future care costs,https://www.thesun.co.uk/money/24772322/safeguarding-your-home-from-future-care-costs/
34,"TRAGIC LOSS Mum-of-four, 33, dies ‘without warning’ while daughters unwrap Xmas presents
ASHLEY told her ex-boyfriend and father of her children, Kane, that she wasn't feeling well and needed to lie down.","Mum-of-four, 33, dies ‘without warning’ while daughters unwrap Xmas presents",https://www.thesun.co.uk/health/25182221/mum-dies-no-warning-christmas-day-presents/
35,RAGING VLAD Putin demands ‘revenge’ for warship blast and warns of five more years of war,Putin demands ‘revenge’ for warship blast and warns of five more years of war,https://www.thesun.co.uk/news/25182892/putin-revenge-warship-ukraine-war-five-years/
36,SPLIT FEARS Jemma Lucy sparks rumours she’s split with convicted drug dealer boyfriend,Jemma Lucy sparks rumours she’s split with convicted drug dealer boyfriend,https://www.thesun.co.uk/tv/25187499/jemma-lucy-nicolas-sinclair-split-fears/
37,PAC FOR MORE Pacquiao comes out of retirement and announces date for return for shock fight,Pacquiao comes out of retirement and announces date for return for shock fight,https://www.thesun.co.uk/sport/25187411/manny-pacquiao-next-fight-announced-buakaw-date/
38,BABY JOY CBBC & Netflix star reveals she secretly gave birth seven months ago,CBBC & Netflix star reveals she secretly gave birth seven months ago,https://www.thesun.co.uk/tv/25185858/cbbc-jade-alleyne-secretly-gave-birth-to-first-child/
39,"CLOSING TIME Aldi, Asda, Tesco and more reveal New Year's Eve and January 1 opening times","Aldi, Asda, Tesco and more reveal New Year's Eve and January 1 opening times",https://www.thesun.co.uk/money/25111294/christmas-store-opening-hours-updates/
40,"CRACKING DEALS Best Boxing Day and January deals at Boots, Currys & more as prices slashed","Best Boxing Day and January deals at Boots, Currys & more as prices slashed",https://www.thesun.co.uk/money/25116592/christmas-boxing-day-sales-2023-latest/
41,"'KILLER' MUM Mum sobs as she appears in court over murder of son, 4, 'found stabbed in cot'","Mum sobs as she appears in court over murder of son, 4, 'found stabbed in cot'",https://www.thesun.co.uk/news/25182558/mum-court-murder-son-hackney-stab/
42,"MICHAEL'S ANGEL How Schumacher’s wife runs £500m empire & fights to keep his health secret
TOMORROW will mark ten years since Schumacher's tragic skiing accident and since he was last seen in public.His wife, Corinna, has fiercely protected his privacy and any details of the F1 ace's health for the past decade.",How Schumacher’s wife runs £500m empire & fights to keep his health secret,https://www.thesun.co.uk/sport/25185264/schumachers-wife-manages-his-500million-fortune-and-condition-secret/
43,SCHU’S CARE Schumacher ‘driven in sports Mercedes to stimulate brain' as part of treatment,Schumacher ‘driven in sports Mercedes to stimulate brain' as part of treatment,https://www.thesun.co.uk/sport/25181528/michael-schumacher-driven-mercedes-stimulate-brain-doctors-anniversary/
44,OH YES HE DID Strictly's John Whaite pulls out of panto after falling ill with mystery bug,Strictly's John Whaite pulls out of panto after falling ill with mystery bug,https://www.thesun.co.uk/tv/25187085/strictly-come-dancing-john-whaite-panto-mystery-illness/
45,MIXING IT UP Little Mix's Jade delays album to form surprise partnership with pop legend,Little Mix's Jade delays album to form surprise partnership with pop legend,https://www.thesun.co.uk/tvandshowbiz/25187009/jade-thirlwall-dan-smith-bastille/
46,SMASH 'MURDER' Man killed after car ploughs into huge crowd following 'row at party',Man killed after car ploughs into huge crowd following 'row at party',https://www.thesun.co.uk/news/25177574/murder-probe-car-ploughs-crowd-man-dead/
47,"SICK PREDATOR My boss raped me after offering a lift… then sent me home with £10 for a taxi
WAITRESS Honey Jaggers, 18, was just 16 when restaurant boss Jetmir Topuzi, 25, lured her to his home and attacker her.",My boss raped me after offering a lift… then sent me home with £10 for a taxi,https://www.thesun.co.uk/news/25017203/boss-rapist-shocking-twist/
48,PRECIOUS CARGO Bruce Willis' wife breaks down as she marks anniversary amid dementia battle,Bruce Willis' wife breaks down as she marks anniversary amid dementia battle,https://www.thesun.co.uk/tvandshowbiz/25182355/bruce-willis-wife-emma-breaks-down-anniversary-dementia/
49,WRIGHT STUFF Madelene Wright sends fans into meltdown as she wows in festive lingerie,Madelene Wright sends fans into meltdown as she wows in festive lingerie,https://www.thesun.co.uk/sport/25186928/football-madelene-wright-festive-lingerie/
50,PAUL'S PLAN Logan Paul unveils huge WWE plan that will 'disrupt the entire industry',Logan Paul unveils huge WWE plan that will 'disrupt the entire industry',https://www.thesun.co.uk/sport/25187207/wwe-news-logan-paul-next-match-plans/
51,GIVEN THE BOOT Emmerdale fans shocked as TWO residents kicked out after death confession,Emmerdale fans shocked as TWO residents kicked out after death confession,https://www.thesun.co.uk/tv/25181810/emmerdale-fans-two-residents-kicked-out-death-confession/
52,"FERRY STEAMY Chloe Ferry back with ‘cheating’ ex Johnny as she snogs him in the sea
GEORDIE Shore star Chloe, 27, and Johnny have had a very on/off romance over the years but quietly got back together after he was accused of cheating on her.",Chloe Ferry back with ‘cheating’ ex Johnny as she snogs him in the sea,https://www.thesun.co.uk/tv/25183239/chloe-ferry-back-with-cheating-ex-johnny-fourth-time/
53,SEXY SHOCK Gabby Logan surprised husband in skimpy Santa outfit but it didn't go as planned,Gabby Logan surprised husband in skimpy Santa outfit but it didn't go as planned,https://www.thesun.co.uk/tv/25178340/gabby-logan-santa-outfit-husband/
54,BLAST FROM THE PAST Legendary star of The Bill shocks Vera fans in Christmas Special,Legendary star of The Bill shocks Vera fans in Christmas Special,https://www.thesun.co.uk/tv/25181465/the-bill-eric-roberts-shocks-vera-fans/
55,COY COMEBACK? EastEnders' Little Mo star Kacey Ainsworth sparks rumours of BBC soap return,EastEnders' Little Mo star Kacey Ainsworth sparks rumours of BBC soap return,https://www.thesun.co.uk/tv/25179422/eastenders-little-mo-actress-kacey-ainsworth-return-bbc-soap/
56,"TAKING OFF! Joel Dommett cashes in on Masked Singer fame as he rakes in £2,500 a DAY","Joel Dommett cashes in on Masked Singer fame as he rakes in £2,500 a DAY",https://www.thesun.co.uk/tv/25186855/joel-dommett-cashes-masked-singer-itv/
57,"LEG IT I’m a fashion pro - you're not Kim Kardashian so please stop wearing leggings
DURING the pandemic, leggings were our go-to outfit – and this year they were given a style revival with celebrities wearing pairs that cost more than the monthly rent.",I’m a fashion pro - you're not Kim Kardashian so please stop wearing leggings,https://www.thesun.co.uk/fabulous/25187215/slobby-leggings-out-of-fashion/
58,MYSTIC MEG A friend with a recent new role brings lots of ideas to a business table,A friend with a recent new role brings lots of ideas to a business table,https://www.thesun.co.uk/fabulous/25174670/horoscope-today-december-28-2023-mystic-meg/
59,"DIOR DUCHESS Meghan Markle is ‘desperate for an endorsement from Dior’, claims royal author","Meghan Markle is ‘desperate for an endorsement from Dior’, claims royal author",https://www.thesun.co.uk/royals/25180799/meghan-markle-desperate-endorsement-dior-royal-author/
60,PUT A RING ON IT I’m a proud trophy wife and don’t care if people call me a gold digger,I’m a proud trophy wife and don’t care if people call me a gold digger,https://www.thesun.co.uk/fabulous/25181520/proud-trophy-wife-gold-digger-ring/
61,SUPERMARKET SWEEP Woman makes a week's worth of dinners for her family - for just £28,Woman makes a week's worth of dinners for her family - for just £28,https://www.thesun.co.uk/fabulous/25187794/sainsburys-meal-plan-food-shop-cheap-hack/
62,"TANKS FOR NOTHING Furious man parks TANK at Wickes in protest over 'poor' £25k kitchen
IN February, the home improvement retailer installed a £25,000 kitchen in Paul Gibbons' Kingsclere home.",Furious man parks TANK at Wickes in protest over 'poor' £25k kitchen,https://www.thesun.co.uk/news/25184973/wickes-kitchen-tank-outside-store-protest/
63,DEEP BELOW Moment Israeli forces blow up ‘several miles’ of Hamas tunnels in massive blast,Moment Israeli forces blow up ‘several miles’ of Hamas tunnels in massive blast,https://www.thesun.co.uk/news/25183982/israel-blows-up-miles-hamas-tunnels-hostages/
64,BITE MARK My testicles were bitten off by XL Bully… docs had to stitch them back together,My testicles were bitten off by XL Bully… docs had to stitch them back together,https://www.thesun.co.uk/news/24720801/xl-bully-attack-jeremy-kyle-couple-chesterfield/
65,OUT IN THE COLD I lost all my fingers living as hermit for 25 years but I'll never go back,I lost all my fingers living as hermit for 25 years but I'll never go back,https://www.thesun.co.uk/news/25182301/hermit-for-25years-lost-all-fingers-but-wont-return/
66,"DEATH PLUNGE Putin crony, 46, dies in ANOTHER mystery window plunge after ‘heart problems’","Putin crony, 46, dies in ANOTHER mystery window plunge after ‘heart problems’",https://www.thesun.co.uk/news/25182481/putin-crony-vladimir-egorov-dies/
67,FESTIVE TREAT Exclusive O2 deal offers iPhone 11 for £22p/m with 20GB data,Exclusive O2 deal offers iPhone 11 for £22p/m with 20GB data,https://www.thesun.co.uk/shopping/25128812/exclusive-buymobiles-o2-iphone-11-20gb-data/
68,HOT DEAL Boots Boxing Day 2023: Save up to 50% off thousands of products in the sale,Boots Boxing Day 2023: Save up to 50% off thousands of products in the sale,https://www.thesun.co.uk/shopping/13569513/boots-boxing-day-sale/
69,SKIN SOOTHER Shoppers go wild for £7 wonder product that Molly-Mae says 'saves her skin',Shoppers go wild for £7 wonder product that Molly-Mae says 'saves her skin',https://www.thesun.co.uk/shopping/25131837/shoppers-go-wild-molly-mae-aveeno-body-oil-spray/
70,"PLUG UGLY ‘World’s ugliest car’ unveiled with 65mph top speed & batteries you have to RENT
NEW photos show an unusual-looking red car with small circular headlights and large holes.",‘World’s ugliest car’ unveiled with 65mph top speed & batteries you have to RENT,https://www.thesun.co.uk/motors/25184062/ev-branded-worlds-ugliest-car/
71,TOP RIDE Audi R8 which 'looks like Iron Man's personal ride' abandoned for 5 YEARS,Audi R8 which 'looks like Iron Man's personal ride' abandoned for 5 YEARS,https://www.thesun.co.uk/motors/25178402/audi-r8-abandoned-for-5-years-transformed/
72,COOL CAPRI Ford Capri rally car built to tackle ‘ultimate driving challenge’ up for sale,Ford Capri rally car built to tackle ‘ultimate driving challenge’ up for sale,https://www.thesun.co.uk/motors/25184122/ford-capri-endurance-rally-car-for-sale/
73,DEALS ON WHEELS Most popular used cars in UK from 2023 - as surprise model hits top spot,Most popular used cars in UK from 2023 - as surprise model hits top spot,https://www.thesun.co.uk/motors/25183557/most-popular-used-cars-uk-2023-mazda-cx5/
74,"4X4 Win a Mercedes G Wagon or £125,000 cash alternative from just 71p with our code","Win a Mercedes G Wagon or £125,000 cash alternative from just 71p with our code",https://www.thesun.co.uk/sport/22922880/win-car-competition-7dp/
75,"STRIP TEESER Dita Von Teese, 51, goes totally naked and wows in sexy see-through lingerie
BURLESQUE beauty Dita Von Teese posed in crystal-encrusted blue lingerie and sheer stockings to promote her latest Von Follies collection.","Dita Von Teese, 51, goes totally naked and wows in sexy see-through lingerie",https://www.thesun.co.uk/tvandshowbiz/25187375/dita-von-teese-naked-lingerie-new-collection/
76,"YOUNG AND FREE Mya, 44, says she reversed 'cracking' by making an anti-aging diet change","Mya, 44, says she reversed 'cracking' by making an anti-aging diet change",https://www.thesun.co.uk/fabulous/25183975/mya-aging-backwards-forties-natural-skincare-veganism/
77,TOP DOLLAR Amanda Holden shares look inside new £7m mansion in the 'Beverly Hills of UK',Amanda Holden shares look inside new £7m mansion in the 'Beverly Hills of UK',https://www.thesun.co.uk/tv/25185834/amanda-holden-first-look-inside-mansion-beverly-hills-uk/
78,EAGLE-EYED Film fans are only just realising Scarlett Johansson appeared in Home Alone,Film fans are only just realising Scarlett Johansson appeared in Home Alone,https://www.thesun.co.uk/tv/25176604/scarlett-johansson-appeared-in-home-alone/
79,WILDEST DREAMS Travis Kelce gifts Taylor Swift a European trip with $12k-a-night hotel,Travis Kelce gifts Taylor Swift a European trip with $12k-a-night hotel,https://www.thesun.co.uk/tvandshowbiz/celebrities/25178517/taylor-swift-travis-kelce-eras-tour-europe/
80,"FIT FOR ROYALTY Inside £2.4m sprawling mansion once gifted by Charles II to his mistress
SITUATED in Radnage, Buckinghamshire, this stunning five-bedroom farmhouse offers 3,842 square-feet of living space and a unique rich history.",Inside £2.4m sprawling mansion once gifted by Charles II to his mistress,https://www.thesun.co.uk/royals/25183260/mansion-king-charles-ii-gift-mistress-for-sale/
81,MONEY-MAKER I’m 34 & was a struggling waitress living on £14k a year - now I earn £100k,I’m 34 & was a struggling waitress living on £14k a year - now I earn £100k,https://www.thesun.co.uk/fabulous/25183692/struggling-waitress-earn-paid-off-debt-side-hustle/
82,CRISPY BUSINESS B&M shoppers beg Walkers 'bring back original' as firm launches new flavour,B&M shoppers beg Walkers 'bring back original' as firm launches new flavour,https://www.thesun.co.uk/money/25176431/bring-back-original-bm-shoppers-walkers/
83,HOUSE OF HORRORS I regret buying my first home - it had mouldy walls & wee-soaked carpets,I regret buying my first home - it had mouldy walls & wee-soaked carpets,https://www.thesun.co.uk/fabulous/25184700/bought-first-home-disaster-mould-wee/
84,WELL OIL BE I earn £7k a month with weeks off at a time but it's not for the faint-hearted,I earn £7k a month with weeks off at a time but it's not for the faint-hearted,https://www.thesun.co.uk/news/25180647/earn-7000-month-job-no-one-wants/
85,"HOL'D ON Top holiday destinations to visit in 2024 - a Brit-loved island makes the list
NUMBERS show which places are going to be the best destinations to visit in 2024, to give you a little bit of inspiration.",Top holiday destinations to visit in 2024 - a Brit-loved island makes the list,https://www.thesun.co.uk/travel/25119409/top-holiday-destinations-2024-next-year/
86,CLASSY TOUCH Simple airport gifts that can get you upgrades from your flight attendant,Simple airport gifts that can get you upgrades from your flight attendant,https://www.thesun.co.uk/travel/25106682/flight-attendant-gifts-upgrade-plane/
87,COSTA NOT Underrated Spain beach destination that's still hot in February with £250pp hols,Underrated Spain beach destination that's still hot in February with £250pp hols,https://www.thesun.co.uk/travel/25085347/malaga-underrated-winter-sun-destination-beach-holiday-cheap/
88,A-TRACK-TIVE £5 scenic train journey along the UK coast - where waves crash against windows,£5 scenic train journey along the UK coast - where waves crash against windows,https://www.thesun.co.uk/travel/25171517/scenic-train-journey-uk-coast-riviera-line-dawlish/
89,"SHORE IS NICE Tropical mid-haul destination with no jet lag, 32C highs in winter & £1 beers","Tropical mid-haul destination with no jet lag, 32C highs in winter & £1 beers",https://www.thesun.co.uk/travel/25096733/gambia-cheap-tropical-winter-sun-destination-no-jet-lag/
90,"DYING TO BE THIN ‘Skinny jab’ left mum fighting for life after it ‘triggered organ failure’
LYNSAY McAvoy, 42, passed out at home. She said she feels ""ashamed"" having used the injections despite weighing just 8st and now warns others to steer clear.",‘Skinny jab’ left mum fighting for life after it ‘triggered organ failure’,https://www.thesun.co.uk/health/25174339/mum-skinny-jab-organ-failure-warning/
91,"FOOD HELL Girl, 17, fighting for life after 'contracting E. coli at Christmas market'","Girl, 17, fighting for life after 'contracting E. coli at Christmas market'",https://www.thesun.co.uk/health/25180826/teen-hospital-e-coli-christmas-market/
92,"ON ALERT Mum, 49, left fighting for life after contracting parrot fever from nephew's pet","Mum, 49, left fighting for life after contracting parrot fever from nephew's pet",https://www.thesun.co.uk/health/25173678/parrot-fever-pet-bird-hospital-nephew/
93,"JAB WARNING Measles can 'infiltrate children's brains' and kill them, scientists warn","Measles can 'infiltrate children's brains' and kill them, scientists warn",https://www.thesun.co.uk/health/25171544/measles-infiltrate-brain-kill-children-unvaccinated-mmr/
94,UNHEALTHY HABITS The 15 shocking ways you're raising your risk of early-onset dementia,The 15 shocking ways you're raising your risk of early-onset dementia,https://www.thesun.co.uk/health/25172557/lifestyle-increase-risk-of-early-onset-dementia-alcohol-loneliness/
95,"SUPER SUB World’s biggest 'superyacht' SUB worth $2bn and comes with pool & chopper
BOAT company Migaloo has revolutionised the world of superyachts with their very own, world-first submersible superyacht.",World’s biggest 'superyacht' SUB worth $2bn and comes with pool & chopper,https://www.thesun.co.uk/news/24967091/worlds-biggest-superyacht-submarine/
96,I-SAVE! Worrying iPhone warning sign means you’re ruining your battery with big mistake,Worrying iPhone warning sign means you’re ruining your battery with big mistake,https://www.thesun.co.uk/tech/25188330/iphone-battery-life-health-heat-warning-80/
97,POWER UP Samsung users have found a hidden free battery life booster before it's released,Samsung users have found a hidden free battery life booster before it's released,https://www.thesun.co.uk/tech/25185679/samsung-galaxy-android-battery-booster-one-ui-free/
98,NET GAIN Netflix reveals three Wi-Fi tips to improve your speed - and prevent buffering,Netflix reveals three Wi-Fi tips to improve your speed - and prevent buffering,https://www.thesun.co.uk/tech/25181147/netflix-wi-fi-tips-improve-speed-prevent-buffering/
99,AFTERBURNER China unveils world’s most powerful engine able to fire rocket anywhere in mins,China unveils world’s most powerful engine able to fire rocket anywhere in mins,https://www.thesun.co.uk/tech/25179250/china-unveils-worlds-most-powerful-engine-capable-of-12000mph/
